{"cameraMode":{"drawMode":0,"name":"Shaded","section":"Shading Mode"},"sceneLighting":true,"audioPlay":false,"sceneViewState":{"showFog":true,"showMaterialUpdate":false,"showSkybox":true,"showFlares":true,"showImageEffects":true,"showParticleSystems":true},"in2DMode":false,"pivot":{"x":-0.4713188409805298,"y":0.562171459197998,"z":2.5382766723632814},"rotation":{"x":-0.12115887552499771,"y":-0.0752674788236618,"z":0.009214280173182488,"w":-0.9897343516349793},"size":63.49989318847656,"orthographic":true}